<?xml version="1.0"?>
<game_state>
	<assetsManager />
	<input />
	<window />
	<textures />
	<audio>
		<volumemusic value="0.200000003" />
		<volumefx value="1" />
	</audio>
	<map />
	<tutorial />
	<scene>
		<scenename name="First level design.tmx" />
		<resources gold="0" wood="0" stone="0" />
		<clock time_passed="3.46300006" />
		<upgrades swordman="0" archer="0" knight="0" />
	</scene>
	<entity_request />
	<group_movement />
	<entity_manager>
		<Entity>
			<type movement="static" name="gold_mine" amount_left="50" />
			<position pos_x="2336" pos_y="128" />
		</Entity>
		<Entity>
			<type movement="static" name="gold_mine" amount_left="50" />
			<position pos_x="2752" pos_y="416" />
		</Entity>
		<Entity>
			<type movement="static" name="gold_mine" amount_left="50" />
			<position pos_x="2304" pos_y="448" />
		</Entity>
		<Entity>
			<type movement="static" name="gold_mine" amount_left="50" />
			<position pos_x="2272" pos_y="704" />
		</Entity>
		<Entity>
			<type movement="static" name="gold_mine" amount_left="50" />
			<position pos_x="3456" pos_y="896" />
		</Entity>
		<Entity>
			<type movement="static" name="gold_mine" amount_left="50" />
			<position pos_x="416" pos_y="1216" />
		</Entity>
		<Entity>
			<type movement="static" name="gold_mine" amount_left="50" />
			<position pos_x="3296" pos_y="1408" />
		</Entity>
		<Entity>
			<type movement="static" name="gold_mine" amount_left="50" />
			<position pos_x="2720" pos_y="1568" />
		</Entity>
		<Entity>
			<type movement="static" name="gold_mine" amount_left="50" />
			<position pos_x="768" pos_y="1632" />
		</Entity>
		<Entity>
			<type movement="static" name="gold_mine" amount_left="50" />
			<position pos_x="3136" pos_y="2144" />
		</Entity>
		<Entity>
			<type movement="static" name="gold_mine" amount_left="50" />
			<position pos_x="2208" pos_y="2336" />
		</Entity>
		<Entity>
			<type movement="static" name="gold_mine" amount_left="50" />
			<position pos_x="960" pos_y="2400" />
		</Entity>
		<Entity>
			<type movement="static" name="gold_mine" amount_left="50" />
			<position pos_x="416" pos_y="2464" />
		</Entity>
		<Entity>
			<type movement="static" name="gold_mine" amount_left="50" />
			<position pos_x="2240" pos_y="3136" />
		</Entity>
		<Entity>
			<type movement="static" name="gold_mine" amount_left="50" />
			<position pos_x="3200" pos_y="3136" />
		</Entity>
		<Entity>
			<type movement="static" name="gold_mine" amount_left="50" />
			<position pos_x="2432" pos_y="3456" />
		</Entity>
		<Entity>
			<type movement="static" name="gold_mine" amount_left="50" />
			<position pos_x="2784" pos_y="3488" />
		</Entity>
		<Entity>
			<type movement="static" name="gold_mine" amount_left="50" />
			<position pos_x="3264" pos_y="3584" />
		</Entity>
		<Entity>
			<type movement="static" name="gold_mine" amount_left="50" />
			<position pos_x="1632" pos_y="3648" />
		</Entity>
		<Entity>
			<type movement="static" name="town_hall" />
			<position pos_x="3136" pos_y="3008" />
		</Entity>
		<Entity>
			<type movement="static" name="enemy_barracks" />
			<position pos_x="1600" pos_y="1800" />
		</Entity>
		<Entity>
			<type movement="static" name="enemy_barracks" />
			<position pos_x="1550" pos_y="2700" />
		</Entity>
		<Entity>
			<type movement="static" name="enemy_barracks" />
			<position pos_x="1200" pos_y="3600" />
		</Entity>
		<Entity>
			<type movement="dynamic" name="human_gatherer" />
			<position pos_x="3216" pos_y="3026.69971" />
		</Entity>
		<Entity>
			<type movement="dynamic" name="human_gatherer" />
			<position pos_x="3216" pos_y="2999.12012" />
		</Entity>
		<Entity>
			<type movement="dynamic" name="human_gatherer" />
			<position pos_x="3216" pos_y="2972.65015" />
		</Entity>
		<Entity>
			<type movement="dynamic" name="human_knight" />
			<position pos_x="3056" pos_y="3008" />
		</Entity>
		<Entity>
			<type movement="static" name="tree" />
			<position pos_x="160" pos_y="192" />
		</Entity>
		<Entity>
			<type movement="static" name="tree" />
			<position pos_x="192" pos_y="192" />
		</Entity>
		<Entity>
			<type movement="static" name="tree" />
			<position pos_x="160" pos_y="224" />
		</Entity>
		<Entity>
			<type movement="static" name="tree" />
			<position pos_x="192" pos_y="224" />
		</Entity>
		<Entity>
			<type movement="static" name="tree" />
			<position pos_x="1152" pos_y="224" />
		</Entity>
		<Entity>
			<type movement="static" name="tree" />
			<position pos_x="1184" pos_y="224" />
		</Entity>
		<Entity>
			<type movement="static" name="tree" />
			<position pos_x="1216" pos_y="224" />
		</Entity>
		<Entity>
			<type movement="static" name="tree" />
			<position pos_x="1248" pos_y="224" />
		</Entity>
		<Entity>
			<type movement="static" name="tree" />
			<position pos_x="1280" pos_y="224" />
		</Entity>
		<Entity>
			<type movement="static" name="tree" />
			<position pos_x="1312" pos_y="224" />
		</Entity>
		<Entity>
			<type movement="static" name="tree" />
			<position pos_x="1152" pos_y="256" />
		</Entity>
		<Entity>
			<type movement="static" name="tree" />
			<position pos_x="1312" pos_y="256" />
		</Entity>
		<Entity>
			<type movement="static" name="tree" />
			<position pos_x="960" pos_y="288" />
		</Entity>
		<Entity>
			<type movement="static" name="tree" />
			<position pos_x="992" pos_y="288" />
		</Entity>
		<Entity>
			<type movement="static" name="tree" />
			<position pos_x="1120" pos_y="288" />
		</Entity>
		<Entity>
			<type movement="static" name="tree" />
			<position pos_x="1152" pos_y="288" />
		</Entity>
		<Entity>
			<type movement="static" name="tree" />
			<position pos_x="1312" pos_y="288" />
		</Entity>
		<Entity>
			<type movement="static" name="tree" />
			<position pos_x="960" pos_y="320" />
		</Entity>
		<Entity>
			<type movement="static" name="tree" />
			<position pos_x="992" pos_y="320" />
		</Entity>
		<Entity>
			<type movement="static" name="tree" />
			<position pos_x="1088" pos_y="320" />
		</Entity>
		<Entity>
			<type movement="static" name="tree" />
			<position pos_x="1120" pos_y="320" />
		</Entity>
		<Entity>
			<type movement="static" name="tree" />
			<position pos_x="1312" pos_y="320" />
		</Entity>
		<Entity>
			<type movement="static" name="quarry" />
			<position pos_x="1984" pos_y="320" />
		</Entity>
		<Entity>
			<type movement="static" name="tree" />
			<position pos_x="1088" pos_y="352" />
		</Entity>
		<Entity>
			<type movement="static" name="tree" />
			<position pos_x="1280" pos_y="352" />
		</Entity>
		<Entity>
			<type movement="static" name="tree" />
			<position pos_x="1312" pos_y="352" />
		</Entity>
		<Entity>
			<type movement="static" name="quarry" />
			<position pos_x="2400" pos_y="352" />
		</Entity>
		<Entity>
			<type movement="static" name="tree" />
			<position pos_x="1088" pos_y="384" />
		</Entity>
		<Entity>
			<type movement="static" name="tree" />
			<position pos_x="1120" pos_y="384" />
		</Entity>
		<Entity>
			<type movement="static" name="tree" />
			<position pos_x="1152" pos_y="384" />
		</Entity>
		<Entity>
			<type movement="static" name="tree" />
			<position pos_x="1184" pos_y="384" />
		</Entity>
		<Entity>
			<type movement="static" name="tree" />
			<position pos_x="1216" pos_y="384" />
		</Entity>
		<Entity>
			<type movement="static" name="tree" />
			<position pos_x="1248" pos_y="384" />
		</Entity>
		<Entity>
			<type movement="static" name="tree" />
			<position pos_x="1280" pos_y="384" />
		</Entity>
		<Entity>
			<type movement="static" name="tree" />
			<position pos_x="1248" pos_y="416" />
		</Entity>
		<Entity>
			<type movement="static" name="tree" />
			<position pos_x="1280" pos_y="416" />
		</Entity>
		<Entity>
			<type movement="static" name="tree" />
			<position pos_x="1312" pos_y="416" />
		</Entity>
		<Entity>
			<type movement="static" name="tree" />
			<position pos_x="1344" pos_y="416" />
		</Entity>
		<Entity>
			<type movement="static" name="tree" />
			<position pos_x="1376" pos_y="416" />
		</Entity>
		<Entity>
			<type movement="static" name="tree" />
			<position pos_x="1248" pos_y="448" />
		</Entity>
		<Entity>
			<type movement="static" name="tree" />
			<position pos_x="1376" pos_y="448" />
		</Entity>
		<Entity>
			<type movement="static" name="tree" />
			<position pos_x="1248" pos_y="480" />
		</Entity>
		<Entity>
			<type movement="static" name="tree" />
			<position pos_x="1280" pos_y="480" />
		</Entity>
		<Entity>
			<type movement="static" name="tree" />
			<position pos_x="1376" pos_y="480" />
		</Entity>
		<Entity>
			<type movement="static" name="tree" />
			<position pos_x="1280" pos_y="512" />
		</Entity>
		<Entity>
			<type movement="static" name="tree" />
			<position pos_x="1312" pos_y="512" />
		</Entity>
		<Entity>
			<type movement="static" name="tree" />
			<position pos_x="1344" pos_y="512" />
		</Entity>
		<Entity>
			<type movement="static" name="tree" />
			<position pos_x="1376" pos_y="512" />
		</Entity>
		<Entity>
			<type movement="static" name="tree" />
			<position pos_x="2752" pos_y="608" />
		</Entity>
		<Entity>
			<type movement="static" name="tree" />
			<position pos_x="2784" pos_y="608" />
		</Entity>
		<Entity>
			<type movement="static" name="tree" />
			<position pos_x="2816" pos_y="608" />
		</Entity>
		<Entity>
			<type movement="static" name="tree" />
			<position pos_x="2848" pos_y="608" />
		</Entity>
		<Entity>
			<type movement="static" name="tree" />
			<position pos_x="2880" pos_y="608" />
		</Entity>
		<Entity>
			<type movement="static" name="tree" />
			<position pos_x="2912" pos_y="608" />
		</Entity>
		<Entity>
			<type movement="static" name="tree" />
			<position pos_x="2592" pos_y="640" />
		</Entity>
		<Entity>
			<type movement="static" name="tree" />
			<position pos_x="2624" pos_y="640" />
		</Entity>
		<Entity>
			<type movement="static" name="tree" />
			<position pos_x="2656" pos_y="640" />
		</Entity>
		<Entity>
			<type movement="static" name="tree" />
			<position pos_x="2688" pos_y="640" />
		</Entity>
		<Entity>
			<type movement="static" name="tree" />
			<position pos_x="2720" pos_y="640" />
		</Entity>
		<Entity>
			<type movement="static" name="tree" />
			<position pos_x="2752" pos_y="640" />
		</Entity>
		<Entity>
			<type movement="static" name="tree" />
			<position pos_x="2912" pos_y="640" />
		</Entity>
		<Entity>
			<type movement="static" name="tree" />
			<position pos_x="2944" pos_y="640" />
		</Entity>
		<Entity>
			<type movement="static" name="tree" />
			<position pos_x="2976" pos_y="640" />
		</Entity>
		<Entity>
			<type movement="static" name="tree" />
			<position pos_x="2592" pos_y="672" />
		</Entity>
		<Entity>
			<type movement="static" name="tree" />
			<position pos_x="2976" pos_y="672" />
		</Entity>
		<Entity>
			<type movement="static" name="tree" />
			<position pos_x="3008" pos_y="672" />
		</Entity>
		<Entity>
			<type movement="static" name="quarry" />
			<position pos_x="2112" pos_y="704" />
		</Entity>
		<Entity>
			<type movement="static" name="tree" />
			<position pos_x="2528" pos_y="704" />
		</Entity>
		<Entity>
			<type movement="static" name="tree" />
			<position pos_x="2560" pos_y="704" />
		</Entity>
		<Entity>
			<type movement="static" name="tree" />
			<position pos_x="2592" pos_y="704" />
		</Entity>
		<Entity>
			<type movement="static" name="tree" />
			<position pos_x="3008" pos_y="704" />
		</Entity>
		<Entity>
			<type movement="static" name="tree" />
			<position pos_x="2528" pos_y="736" />
		</Entity>
		<Entity>
			<type movement="static" name="tree" />
			<position pos_x="3008" pos_y="736" />
		</Entity>
		<Entity>
			<type movement="static" name="quarry" />
			<position pos_x="3648" pos_y="736" />
		</Entity>
		<Entity>
			<type movement="static" name="tree" />
			<position pos_x="2528" pos_y="768" />
		</Entity>
		<Entity>
			<type movement="static" name="tree" />
			<position pos_x="3008" pos_y="768" />
		</Entity>
		<Entity>
			<type movement="static" name="tree" />
			<position pos_x="2528" pos_y="800" />
		</Entity>
		<Entity>
			<type movement="static" name="tree" />
			<position pos_x="2976" pos_y="800" />
		</Entity>
		<Entity>
			<type movement="static" name="tree" />
			<position pos_x="3008" pos_y="800" />
		</Entity>
		<Entity>
			<type movement="static" name="tree" />
			<position pos_x="2528" pos_y="832" />
		</Entity>
		<Entity>
			<type movement="static" name="tree" />
			<position pos_x="2976" pos_y="832" />
		</Entity>
		<Entity>
			<type movement="static" name="tree" />
			<position pos_x="2528" pos_y="864" />
		</Entity>
		<Entity>
			<type movement="static" name="tree" />
			<position pos_x="2560" pos_y="864" />
		</Entity>
		<Entity>
			<type movement="static" name="tree" />
			<position pos_x="2944" pos_y="864" />
		</Entity>
		<Entity>
			<type movement="static" name="tree" />
			<position pos_x="2976" pos_y="864" />
		</Entity>
		<Entity>
			<type movement="static" name="tree" />
			<position pos_x="1472" pos_y="896" />
		</Entity>
		<Entity>
			<type movement="static" name="tree" />
			<position pos_x="1504" pos_y="896" />
		</Entity>
		<Entity>
			<type movement="static" name="tree" />
			<position pos_x="2560" pos_y="896" />
		</Entity>
		<Entity>
			<type movement="static" name="tree" />
			<position pos_x="2592" pos_y="896" />
		</Entity>
		<Entity>
			<type movement="static" name="tree" />
			<position pos_x="2624" pos_y="896" />
		</Entity>
		<Entity>
			<type movement="static" name="tree" />
			<position pos_x="2688" pos_y="896" />
		</Entity>
		<Entity>
			<type movement="static" name="tree" />
			<position pos_x="2720" pos_y="896" />
		</Entity>
		<Entity>
			<type movement="static" name="tree" />
			<position pos_x="2752" pos_y="896" />
		</Entity>
		<Entity>
			<type movement="static" name="tree" />
			<position pos_x="2784" pos_y="896" />
		</Entity>
		<Entity>
			<type movement="static" name="tree" />
			<position pos_x="2880" pos_y="896" />
		</Entity>
		<Entity>
			<type movement="static" name="tree" />
			<position pos_x="2912" pos_y="896" />
		</Entity>
		<Entity>
			<type movement="static" name="tree" />
			<position pos_x="2944" pos_y="896" />
		</Entity>
		<Entity>
			<type movement="static" name="tree" />
			<position pos_x="1472" pos_y="928" />
		</Entity>
		<Entity>
			<type movement="static" name="tree" />
			<position pos_x="1504" pos_y="928" />
		</Entity>
		<Entity>
			<type movement="static" name="tree" />
			<position pos_x="2624" pos_y="928" />
		</Entity>
		<Entity>
			<type movement="static" name="tree" />
			<position pos_x="2656" pos_y="928" />
		</Entity>
		<Entity>
			<type movement="static" name="tree" />
			<position pos_x="2688" pos_y="928" />
		</Entity>
		<Entity>
			<type movement="static" name="tree" />
			<position pos_x="2784" pos_y="928" />
		</Entity>
		<Entity>
			<type movement="static" name="tree" />
			<position pos_x="2816" pos_y="928" />
		</Entity>
		<Entity>
			<type movement="static" name="tree" />
			<position pos_x="2848" pos_y="928" />
		</Entity>
		<Entity>
			<type movement="static" name="tree" />
			<position pos_x="2880" pos_y="928" />
		</Entity>
		<Entity>
			<type movement="static" name="quarry" />
			<position pos_x="2368" pos_y="960" />
		</Entity>
		<Entity>
			<type movement="static" name="tree" />
			<position pos_x="1856" pos_y="992" />
		</Entity>
		<Entity>
			<type movement="static" name="tree" />
			<position pos_x="1888" pos_y="992" />
		</Entity>
		<Entity>
			<type movement="static" name="tree" />
			<position pos_x="1920" pos_y="992" />
		</Entity>
		<Entity>
			<type movement="static" name="tree" />
			<position pos_x="1952" pos_y="992" />
		</Entity>
		<Entity>
			<type movement="static" name="tree" />
			<position pos_x="1984" pos_y="992" />
		</Entity>
		<Entity>
			<type movement="static" name="tree" />
			<position pos_x="2016" pos_y="992" />
		</Entity>
		<Entity>
			<type movement="static" name="tree" />
			<position pos_x="1856" pos_y="1024" />
		</Entity>
		<Entity>
			<type movement="static" name="tree" />
			<position pos_x="2016" pos_y="1024" />
		</Entity>
		<Entity>
			<type movement="static" name="tree" />
			<position pos_x="3392" pos_y="1024" />
		</Entity>
		<Entity>
			<type movement="static" name="tree" />
			<position pos_x="3424" pos_y="1024" />
		</Entity>
		<Entity>
			<type movement="static" name="tree" />
			<position pos_x="3456" pos_y="1024" />
		</Entity>
		<Entity>
			<type movement="static" name="tree" />
			<position pos_x="3488" pos_y="1024" />
		</Entity>
		<Entity>
			<type movement="static" name="quarry" />
			<position pos_x="3648" pos_y="1024" />
		</Entity>
		<Entity>
			<type movement="static" name="tree" />
			<position pos_x="1824" pos_y="1056" />
		</Entity>
		<Entity>
			<type movement="static" name="tree" />
			<position pos_x="1856" pos_y="1056" />
		</Entity>
		<Entity>
			<type movement="static" name="tree" />
			<position pos_x="2016" pos_y="1056" />
		</Entity>
		<Entity>
			<type movement="static" name="tree" />
			<position pos_x="3392" pos_y="1056" />
		</Entity>
		<Entity>
			<type movement="static" name="tree" />
			<position pos_x="3488" pos_y="1056" />
		</Entity>
		<Entity>
			<type movement="static" name="tree" />
			<position pos_x="1792" pos_y="1088" />
		</Entity>
		<Entity>
			<type movement="static" name="tree" />
			<position pos_x="1824" pos_y="1088" />
		</Entity>
		<Entity>
			<type movement="static" name="tree" />
			<position pos_x="2016" pos_y="1088" />
		</Entity>
		<Entity>
			<type movement="static" name="tree" />
			<position pos_x="3392" pos_y="1088" />
		</Entity>
		<Entity>
			<type movement="static" name="tree" />
			<position pos_x="3424" pos_y="1088" />
		</Entity>
		<Entity>
			<type movement="static" name="tree" />
			<position pos_x="3488" pos_y="1088" />
		</Entity>
		<Entity>
			<type movement="static" name="tree" />
			<position pos_x="1792" pos_y="1120" />
		</Entity>
		<Entity>
			<type movement="static" name="tree" />
			<position pos_x="1984" pos_y="1120" />
		</Entity>
		<Entity>
			<type movement="static" name="tree" />
			<position pos_x="2016" pos_y="1120" />
		</Entity>
		<Entity>
			<type movement="static" name="quarry" />
			<position pos_x="3200" pos_y="1120" />
		</Entity>
		<Entity>
			<type movement="static" name="tree" />
			<position pos_x="3424" pos_y="1120" />
		</Entity>
		<Entity>
			<type movement="static" name="tree" />
			<position pos_x="3456" pos_y="1120" />
		</Entity>
		<Entity>
			<type movement="static" name="tree" />
			<position pos_x="3488" pos_y="1120" />
		</Entity>
		<Entity>
			<type movement="static" name="tree" />
			<position pos_x="1792" pos_y="1152" />
		</Entity>
		<Entity>
			<type movement="static" name="tree" />
			<position pos_x="1824" pos_y="1152" />
		</Entity>
		<Entity>
			<type movement="static" name="tree" />
			<position pos_x="1856" pos_y="1152" />
		</Entity>
		<Entity>
			<type movement="static" name="tree" />
			<position pos_x="1888" pos_y="1152" />
		</Entity>
		<Entity>
			<type movement="static" name="tree" />
			<position pos_x="1920" pos_y="1152" />
		</Entity>
		<Entity>
			<type movement="static" name="tree" />
			<position pos_x="1952" pos_y="1152" />
		</Entity>
		<Entity>
			<type movement="static" name="tree" />
			<position pos_x="1984" pos_y="1152" />
		</Entity>
		<Entity>
			<type movement="static" name="tree" />
			<position pos_x="3232" pos_y="1184" />
		</Entity>
		<Entity>
			<type movement="static" name="tree" />
			<position pos_x="3264" pos_y="1184" />
		</Entity>
		<Entity>
			<type movement="static" name="tree" />
			<position pos_x="2848" pos_y="1216" />
		</Entity>
		<Entity>
			<type movement="static" name="tree" />
			<position pos_x="2880" pos_y="1216" />
		</Entity>
		<Entity>
			<type movement="static" name="quarry" />
			<position pos_x="3104" pos_y="1216" />
		</Entity>
		<Entity>
			<type movement="static" name="tree" />
			<position pos_x="3232" pos_y="1216" />
		</Entity>
		<Entity>
			<type movement="static" name="tree" />
			<position pos_x="3264" pos_y="1216" />
		</Entity>
		<Entity>
			<type movement="static" name="tree" />
			<position pos_x="2848" pos_y="1248" />
		</Entity>
		<Entity>
			<type movement="static" name="tree" />
			<position pos_x="2880" pos_y="1248" />
		</Entity>
		<Entity>
			<type movement="static" name="quarry" />
			<position pos_x="224" pos_y="1280" />
		</Entity>
		<Entity>
			<type movement="static" name="tree" />
			<position pos_x="1888" pos_y="1280" />
		</Entity>
		<Entity>
			<type movement="static" name="tree" />
			<position pos_x="1920" pos_y="1280" />
		</Entity>
		<Entity>
			<type movement="static" name="tree" />
			<position pos_x="1888" pos_y="1312" />
		</Entity>
		<Entity>
			<type movement="static" name="tree" />
			<position pos_x="1920" pos_y="1312" />
		</Entity>
		<Entity>
			<type movement="static" name="quarry" />
			<position pos_x="736" pos_y="1408" />
		</Entity>
		<Entity>
			<type movement="static" name="quarry" />
			<position pos_x="3552" pos_y="1408" />
		</Entity>
		<Entity>
			<type movement="static" name="quarry" />
			<position pos_x="448" pos_y="1472" />
		</Entity>
		<Entity>
			<type movement="static" name="tree" />
			<position pos_x="928" pos_y="1472" />
		</Entity>
		<Entity>
			<type movement="static" name="tree" />
			<position pos_x="960" pos_y="1472" />
		</Entity>
		<Entity>
			<type movement="static" name="tree" />
			<position pos_x="928" pos_y="1504" />
		</Entity>
		<Entity>
			<type movement="static" name="tree" />
			<position pos_x="960" pos_y="1504" />
		</Entity>
		<Entity>
			<type movement="static" name="tree" />
			<position pos_x="1632" pos_y="1504" />
		</Entity>
		<Entity>
			<type movement="static" name="tree" />
			<position pos_x="1664" pos_y="1504" />
		</Entity>
		<Entity>
			<type movement="static" name="tree" />
			<position pos_x="1696" pos_y="1504" />
		</Entity>
		<Entity>
			<type movement="static" name="tree" />
			<position pos_x="1728" pos_y="1504" />
		</Entity>
		<Entity>
			<type movement="static" name="tree" />
			<position pos_x="1760" pos_y="1504" />
		</Entity>
		<Entity>
			<type movement="static" name="quarry" />
			<position pos_x="3168" pos_y="1504" />
		</Entity>
		<Entity>
			<type movement="static" name="tree" />
			<position pos_x="1632" pos_y="1536" />
		</Entity>
		<Entity>
			<type movement="static" name="tree" />
			<position pos_x="1760" pos_y="1536" />
		</Entity>
		<Entity>
			<type movement="static" name="tree" />
			<position pos_x="3392" pos_y="1536" />
		</Entity>
		<Entity>
			<type movement="static" name="tree" />
			<position pos_x="3424" pos_y="1536" />
		</Entity>
		<Entity>
			<type movement="static" name="tree" />
			<position pos_x="3456" pos_y="1536" />
		</Entity>
		<Entity>
			<type movement="static" name="tree" />
			<position pos_x="3488" pos_y="1536" />
		</Entity>
		<Entity>
			<type movement="static" name="tree" />
			<position pos_x="3520" pos_y="1536" />
		</Entity>
		<Entity>
			<type movement="static" name="tree" />
			<position pos_x="3552" pos_y="1536" />
		</Entity>
		<Entity>
			<type movement="static" name="tree" />
			<position pos_x="1632" pos_y="1568" />
		</Entity>
		<Entity>
			<type movement="static" name="tree" />
			<position pos_x="1664" pos_y="1568" />
		</Entity>
		<Entity>
			<type movement="static" name="tree" />
			<position pos_x="1760" pos_y="1568" />
		</Entity>
		<Entity>
			<type movement="static" name="tree" />
			<position pos_x="2304" pos_y="1568" />
		</Entity>
		<Entity>
			<type movement="static" name="tree" />
			<position pos_x="2336" pos_y="1568" />
		</Entity>
		<Entity>
			<type movement="static" name="tree" />
			<position pos_x="2368" pos_y="1568" />
		</Entity>
		<Entity>
			<type movement="static" name="tree" />
			<position pos_x="2400" pos_y="1568" />
		</Entity>
		<Entity>
			<type movement="static" name="tree" />
			<position pos_x="2432" pos_y="1568" />
		</Entity>
		<Entity>
			<type movement="static" name="tree" />
			<position pos_x="2464" pos_y="1568" />
		</Entity>
		<Entity>
			<type movement="static" name="tree" />
			<position pos_x="3392" pos_y="1568" />
		</Entity>
		<Entity>
			<type movement="static" name="tree" />
			<position pos_x="3552" pos_y="1568" />
		</Entity>
		<Entity>
			<type movement="static" name="quarry" />
			<position pos_x="672" pos_y="1600" />
		</Entity>
		<Entity>
			<type movement="static" name="tree" />
			<position pos_x="1664" pos_y="1600" />
		</Entity>
		<Entity>
			<type movement="static" name="tree" />
			<position pos_x="1696" pos_y="1600" />
		</Entity>
		<Entity>
			<type movement="static" name="tree" />
			<position pos_x="1728" pos_y="1600" />
		</Entity>
		<Entity>
			<type movement="static" name="tree" />
			<position pos_x="1760" pos_y="1600" />
		</Entity>
		<Entity>
			<type movement="static" name="tree" />
			<position pos_x="2304" pos_y="1600" />
		</Entity>
		<Entity>
			<type movement="static" name="tree" />
			<position pos_x="2464" pos_y="1600" />
		</Entity>
		<Entity>
			<type movement="static" name="tree" />
			<position pos_x="3360" pos_y="1600" />
		</Entity>
		<Entity>
			<type movement="static" name="tree" />
			<position pos_x="3392" pos_y="1600" />
		</Entity>
		<Entity>
			<type movement="static" name="tree" />
			<position pos_x="3552" pos_y="1600" />
		</Entity>
		<Entity>
			<type movement="static" name="tree" />
			<position pos_x="2272" pos_y="1632" />
		</Entity>
		<Entity>
			<type movement="static" name="tree" />
			<position pos_x="2304" pos_y="1632" />
		</Entity>
		<Entity>
			<type movement="static" name="tree" />
			<position pos_x="2464" pos_y="1632" />
		</Entity>
		<Entity>
			<type movement="static" name="tree" />
			<position pos_x="3328" pos_y="1632" />
		</Entity>
		<Entity>
			<type movement="static" name="tree" />
			<position pos_x="3360" pos_y="1632" />
		</Entity>
		<Entity>
			<type movement="static" name="tree" />
			<position pos_x="3552" pos_y="1632" />
		</Entity>
		<Entity>
			<type movement="static" name="tree" />
			<position pos_x="2240" pos_y="1664" />
		</Entity>
		<Entity>
			<type movement="static" name="tree" />
			<position pos_x="2272" pos_y="1664" />
		</Entity>
		<Entity>
			<type movement="static" name="tree" />
			<position pos_x="2464" pos_y="1664" />
		</Entity>
		<Entity>
			<type movement="static" name="tree" />
			<position pos_x="3328" pos_y="1664" />
		</Entity>
		<Entity>
			<type movement="static" name="tree" />
			<position pos_x="3520" pos_y="1664" />
		</Entity>
		<Entity>
			<type movement="static" name="tree" />
			<position pos_x="3552" pos_y="1664" />
		</Entity>
		<Entity>
			<type movement="static" name="tree" />
			<position pos_x="2240" pos_y="1696" />
		</Entity>
		<Entity>
			<type movement="static" name="tree" />
			<position pos_x="2432" pos_y="1696" />
		</Entity>
		<Entity>
			<type movement="static" name="tree" />
			<position pos_x="2464" pos_y="1696" />
		</Entity>
		<Entity>
			<type movement="static" name="tree" />
			<position pos_x="3328" pos_y="1696" />
		</Entity>
		<Entity>
			<type movement="static" name="tree" />
			<position pos_x="3360" pos_y="1696" />
		</Entity>
		<Entity>
			<type movement="static" name="tree" />
			<position pos_x="3392" pos_y="1696" />
		</Entity>
		<Entity>
			<type movement="static" name="tree" />
			<position pos_x="3424" pos_y="1696" />
		</Entity>
		<Entity>
			<type movement="static" name="tree" />
			<position pos_x="3456" pos_y="1696" />
		</Entity>
		<Entity>
			<type movement="static" name="tree" />
			<position pos_x="3488" pos_y="1696" />
		</Entity>
		<Entity>
			<type movement="static" name="tree" />
			<position pos_x="3520" pos_y="1696" />
		</Entity>
		<Entity>
			<type movement="static" name="tree" />
			<position pos_x="384" pos_y="1728" />
		</Entity>
		<Entity>
			<type movement="static" name="tree" />
			<position pos_x="416" pos_y="1728" />
		</Entity>
		<Entity>
			<type movement="static" name="tree" />
			<position pos_x="448" pos_y="1728" />
		</Entity>
		<Entity>
			<type movement="static" name="tree" />
			<position pos_x="480" pos_y="1728" />
		</Entity>
		<Entity>
			<type movement="static" name="tree" />
			<position pos_x="2240" pos_y="1728" />
		</Entity>
		<Entity>
			<type movement="static" name="tree" />
			<position pos_x="2272" pos_y="1728" />
		</Entity>
		<Entity>
			<type movement="static" name="tree" />
			<position pos_x="2304" pos_y="1728" />
		</Entity>
		<Entity>
			<type movement="static" name="tree" />
			<position pos_x="2336" pos_y="1728" />
		</Entity>
		<Entity>
			<type movement="static" name="tree" />
			<position pos_x="2368" pos_y="1728" />
		</Entity>
		<Entity>
			<type movement="static" name="tree" />
			<position pos_x="2400" pos_y="1728" />
		</Entity>
		<Entity>
			<type movement="static" name="tree" />
			<position pos_x="2432" pos_y="1728" />
		</Entity>
		<Entity>
			<type movement="static" name="tree" />
			<position pos_x="256" pos_y="1760" />
		</Entity>
		<Entity>
			<type movement="static" name="tree" />
			<position pos_x="288" pos_y="1760" />
		</Entity>
		<Entity>
			<type movement="static" name="tree" />
			<position pos_x="320" pos_y="1760" />
		</Entity>
		<Entity>
			<type movement="static" name="tree" />
			<position pos_x="352" pos_y="1760" />
		</Entity>
		<Entity>
			<type movement="static" name="tree" />
			<position pos_x="384" pos_y="1760" />
		</Entity>
		<Entity>
			<type movement="static" name="tree" />
			<position pos_x="480" pos_y="1760" />
		</Entity>
		<Entity>
			<type movement="static" name="tree" />
			<position pos_x="512" pos_y="1760" />
		</Entity>
		<Entity>
			<type movement="static" name="tree" />
			<position pos_x="544" pos_y="1760" />
		</Entity>
		<Entity>
			<type movement="static" name="tree" />
			<position pos_x="256" pos_y="1792" />
		</Entity>
		<Entity>
			<type movement="static" name="tree" />
			<position pos_x="544" pos_y="1792" />
		</Entity>
		<Entity>
			<type movement="static" name="tree" />
			<position pos_x="576" pos_y="1792" />
		</Entity>
		<Entity>
			<type movement="static" name="tree" />
			<position pos_x="2944" pos_y="1792" />
		</Entity>
		<Entity>
			<type movement="static" name="tree" />
			<position pos_x="2976" pos_y="1792" />
		</Entity>
		<Entity>
			<type movement="static" name="tree" />
			<position pos_x="3008" pos_y="1792" />
		</Entity>
		<Entity>
			<type movement="static" name="tree" />
			<position pos_x="3040" pos_y="1792" />
		</Entity>
		<Entity>
			<type movement="static" name="tree" />
			<position pos_x="3072" pos_y="1792" />
		</Entity>
		<Entity>
			<type movement="static" name="tree" />
			<position pos_x="3104" pos_y="1792" />
		</Entity>
		<Entity>
			<type movement="static" name="tree" />
			<position pos_x="192" pos_y="1824" />
		</Entity>
		<Entity>
			<type movement="static" name="tree" />
			<position pos_x="224" pos_y="1824" />
		</Entity>
		<Entity>
			<type movement="static" name="tree" />
			<position pos_x="256" pos_y="1824" />
		</Entity>
		<Entity>
			<type movement="static" name="tree" />
			<position pos_x="576" pos_y="1824" />
		</Entity>
		<Entity>
			<type movement="static" name="tree" />
			<position pos_x="2784" pos_y="1824" />
		</Entity>
		<Entity>
			<type movement="static" name="tree" />
			<position pos_x="2816" pos_y="1824" />
		</Entity>
		<Entity>
			<type movement="static" name="tree" />
			<position pos_x="2848" pos_y="1824" />
		</Entity>
		<Entity>
			<type movement="static" name="tree" />
			<position pos_x="2880" pos_y="1824" />
		</Entity>
		<Entity>
			<type movement="static" name="tree" />
			<position pos_x="2912" pos_y="1824" />
		</Entity>
		<Entity>
			<type movement="static" name="tree" />
			<position pos_x="2944" pos_y="1824" />
		</Entity>
		<Entity>
			<type movement="static" name="tree" />
			<position pos_x="3104" pos_y="1824" />
		</Entity>
		<Entity>
			<type movement="static" name="tree" />
			<position pos_x="3136" pos_y="1824" />
		</Entity>
		<Entity>
			<type movement="static" name="tree" />
			<position pos_x="3168" pos_y="1824" />
		</Entity>
		<Entity>
			<type movement="static" name="tree" />
			<position pos_x="192" pos_y="1856" />
		</Entity>
		<Entity>
			<type movement="static" name="tree" />
			<position pos_x="544" pos_y="1856" />
		</Entity>
		<Entity>
			<type movement="static" name="tree" />
			<position pos_x="576" pos_y="1856" />
		</Entity>
		<Entity>
			<type movement="static" name="tree" />
			<position pos_x="2784" pos_y="1856" />
		</Entity>
		<Entity>
			<type movement="static" name="tree" />
			<position pos_x="3168" pos_y="1856" />
		</Entity>
		<Entity>
			<type movement="static" name="tree" />
			<position pos_x="3200" pos_y="1856" />
		</Entity>
		<Entity>
			<type movement="static" name="tree" />
			<position pos_x="192" pos_y="1888" />
		</Entity>
		<Entity>
			<type movement="static" name="tree" />
			<position pos_x="544" pos_y="1888" />
		</Entity>
		<Entity>
			<type movement="static" name="tree" />
			<position pos_x="2720" pos_y="1888" />
		</Entity>
		<Entity>
			<type movement="static" name="tree" />
			<position pos_x="2752" pos_y="1888" />
		</Entity>
		<Entity>
			<type movement="static" name="tree" />
			<position pos_x="2784" pos_y="1888" />
		</Entity>
		<Entity>
			<type movement="static" name="tree" />
			<position pos_x="3200" pos_y="1888" />
		</Entity>
		<Entity>
			<type movement="static" name="tree" />
			<position pos_x="192" pos_y="1920" />
		</Entity>
		<Entity>
			<type movement="static" name="tree" />
			<position pos_x="224" pos_y="1920" />
		</Entity>
		<Entity>
			<type movement="static" name="tree" />
			<position pos_x="512" pos_y="1920" />
		</Entity>
		<Entity>
			<type movement="static" name="tree" />
			<position pos_x="544" pos_y="1920" />
		</Entity>
		<Entity>
			<type movement="static" name="tree" />
			<position pos_x="2720" pos_y="1920" />
		</Entity>
		<Entity>
			<type movement="static" name="tree" />
			<position pos_x="3200" pos_y="1920" />
		</Entity>
		<Entity>
			<type movement="static" name="tree" />
			<position pos_x="3328" pos_y="1920" />
		</Entity>
		<Entity>
			<type movement="static" name="tree" />
			<position pos_x="3360" pos_y="1920" />
		</Entity>
		<Entity>
			<type movement="static" name="tree" />
			<position pos_x="224" pos_y="1952" />
		</Entity>
		<Entity>
			<type movement="static" name="tree" />
			<position pos_x="256" pos_y="1952" />
		</Entity>
		<Entity>
			<type movement="static" name="tree" />
			<position pos_x="288" pos_y="1952" />
		</Entity>
		<Entity>
			<type movement="static" name="tree" />
			<position pos_x="352" pos_y="1952" />
		</Entity>
		<Entity>
			<type movement="static" name="tree" />
			<position pos_x="384" pos_y="1952" />
		</Entity>
		<Entity>
			<type movement="static" name="tree" />
			<position pos_x="416" pos_y="1952" />
		</Entity>
		<Entity>
			<type movement="static" name="tree" />
			<position pos_x="448" pos_y="1952" />
		</Entity>
		<Entity>
			<type movement="static" name="tree" />
			<position pos_x="480" pos_y="1952" />
		</Entity>
		<Entity>
			<type movement="static" name="tree" />
			<position pos_x="512" pos_y="1952" />
		</Entity>
		<Entity>
			<type movement="static" name="tree" />
			<position pos_x="2720" pos_y="1952" />
		</Entity>
		<Entity>
			<type movement="static" name="tree" />
			<position pos_x="3200" pos_y="1952" />
		</Entity>
		<Entity>
			<type movement="static" name="tree" />
			<position pos_x="3328" pos_y="1952" />
		</Entity>
		<Entity>
			<type movement="static" name="tree" />
			<position pos_x="3360" pos_y="1952" />
		</Entity>
		<Entity>
			<type movement="static" name="tree" />
			<position pos_x="288" pos_y="1984" />
		</Entity>
		<Entity>
			<type movement="static" name="tree" />
			<position pos_x="320" pos_y="1984" />
		</Entity>
		<Entity>
			<type movement="static" name="tree" />
			<position pos_x="352" pos_y="1984" />
		</Entity>
		<Entity>
			<type movement="static" name="tree" />
			<position pos_x="416" pos_y="1984" />
		</Entity>
		<Entity>
			<type movement="static" name="tree" />
			<position pos_x="448" pos_y="1984" />
		</Entity>
		<Entity>
			<type movement="static" name="tree" />
			<position pos_x="2720" pos_y="1984" />
		</Entity>
		<Entity>
			<type movement="static" name="tree" />
			<position pos_x="3168" pos_y="1984" />
		</Entity>
		<Entity>
			<type movement="static" name="tree" />
			<position pos_x="3200" pos_y="1984" />
		</Entity>
		<Entity>
			<type movement="static" name="tree" />
			<position pos_x="1760" pos_y="2016" />
		</Entity>
		<Entity>
			<type movement="static" name="tree" />
			<position pos_x="1792" pos_y="2016" />
		</Entity>
		<Entity>
			<type movement="static" name="tree" />
			<position pos_x="1824" pos_y="2016" />
		</Entity>
		<Entity>
			<type movement="static" name="tree" />
			<position pos_x="1856" pos_y="2016" />
		</Entity>
		<Entity>
			<type movement="static" name="tree" />
			<position pos_x="1888" pos_y="2016" />
		</Entity>
		<Entity>
			<type movement="static" name="tree" />
			<position pos_x="1920" pos_y="2016" />
		</Entity>
		<Entity>
			<type movement="static" name="tree" />
			<position pos_x="2720" pos_y="2016" />
		</Entity>
		<Entity>
			<type movement="static" name="tree" />
			<position pos_x="3168" pos_y="2016" />
		</Entity>
		<Entity>
			<type movement="static" name="tree" />
			<position pos_x="1760" pos_y="2048" />
		</Entity>
		<Entity>
			<type movement="static" name="tree" />
			<position pos_x="1920" pos_y="2048" />
		</Entity>
		<Entity>
			<type movement="static" name="tree" />
			<position pos_x="2720" pos_y="2048" />
		</Entity>
		<Entity>
			<type movement="static" name="tree" />
			<position pos_x="2752" pos_y="2048" />
		</Entity>
		<Entity>
			<type movement="static" name="tree" />
			<position pos_x="3136" pos_y="2048" />
		</Entity>
		<Entity>
			<type movement="static" name="tree" />
			<position pos_x="3168" pos_y="2048" />
		</Entity>
		<Entity>
			<type movement="static" name="tree" />
			<position pos_x="1728" pos_y="2080" />
		</Entity>
		<Entity>
			<type movement="static" name="tree" />
			<position pos_x="1760" pos_y="2080" />
		</Entity>
		<Entity>
			<type movement="static" name="tree" />
			<position pos_x="1920" pos_y="2080" />
		</Entity>
		<Entity>
			<type movement="static" name="tree" />
			<position pos_x="2752" pos_y="2080" />
		</Entity>
		<Entity>
			<type movement="static" name="tree" />
			<position pos_x="2784" pos_y="2080" />
		</Entity>
		<Entity>
			<type movement="static" name="tree" />
			<position pos_x="2816" pos_y="2080" />
		</Entity>
		<Entity>
			<type movement="static" name="tree" />
			<position pos_x="2880" pos_y="2080" />
		</Entity>
		<Entity>
			<type movement="static" name="tree" />
			<position pos_x="2912" pos_y="2080" />
		</Entity>
		<Entity>
			<type movement="static" name="tree" />
			<position pos_x="2944" pos_y="2080" />
		</Entity>
		<Entity>
			<type movement="static" name="tree" />
			<position pos_x="2976" pos_y="2080" />
		</Entity>
		<Entity>
			<type movement="static" name="tree" />
			<position pos_x="3072" pos_y="2080" />
		</Entity>
		<Entity>
			<type movement="static" name="tree" />
			<position pos_x="3104" pos_y="2080" />
		</Entity>
		<Entity>
			<type movement="static" name="tree" />
			<position pos_x="3136" pos_y="2080" />
		</Entity>
		<Entity>
			<type movement="static" name="tree" />
			<position pos_x="1696" pos_y="2112" />
		</Entity>
		<Entity>
			<type movement="static" name="tree" />
			<position pos_x="1728" pos_y="2112" />
		</Entity>
		<Entity>
			<type movement="static" name="tree" />
			<position pos_x="1920" pos_y="2112" />
		</Entity>
		<Entity>
			<type movement="static" name="tree" />
			<position pos_x="2816" pos_y="2112" />
		</Entity>
		<Entity>
			<type movement="static" name="tree" />
			<position pos_x="2848" pos_y="2112" />
		</Entity>
		<Entity>
			<type movement="static" name="tree" />
			<position pos_x="2880" pos_y="2112" />
		</Entity>
		<Entity>
			<type movement="static" name="tree" />
			<position pos_x="2976" pos_y="2112" />
		</Entity>
		<Entity>
			<type movement="static" name="tree" />
			<position pos_x="3008" pos_y="2112" />
		</Entity>
		<Entity>
			<type movement="static" name="tree" />
			<position pos_x="3040" pos_y="2112" />
		</Entity>
		<Entity>
			<type movement="static" name="tree" />
			<position pos_x="3072" pos_y="2112" />
		</Entity>
		<Entity>
			<type movement="static" name="tree" />
			<position pos_x="1696" pos_y="2144" />
		</Entity>
		<Entity>
			<type movement="static" name="tree" />
			<position pos_x="1888" pos_y="2144" />
		</Entity>
		<Entity>
			<type movement="static" name="tree" />
			<position pos_x="1920" pos_y="2144" />
		</Entity>
		<Entity>
			<type movement="static" name="tree" />
			<position pos_x="2080" pos_y="2144" />
		</Entity>
		<Entity>
			<type movement="static" name="tree" />
			<position pos_x="2112" pos_y="2144" />
		</Entity>
		<Entity>
			<type movement="static" name="quarry" />
			<position pos_x="480" pos_y="2176" />
		</Entity>
		<Entity>
			<type movement="static" name="tree" />
			<position pos_x="1696" pos_y="2176" />
		</Entity>
		<Entity>
			<type movement="static" name="tree" />
			<position pos_x="1728" pos_y="2176" />
		</Entity>
		<Entity>
			<type movement="static" name="tree" />
			<position pos_x="1760" pos_y="2176" />
		</Entity>
		<Entity>
			<type movement="static" name="tree" />
			<position pos_x="1792" pos_y="2176" />
		</Entity>
		<Entity>
			<type movement="static" name="tree" />
			<position pos_x="1824" pos_y="2176" />
		</Entity>
		<Entity>
			<type movement="static" name="tree" />
			<position pos_x="1856" pos_y="2176" />
		</Entity>
		<Entity>
			<type movement="static" name="tree" />
			<position pos_x="1888" pos_y="2176" />
		</Entity>
		<Entity>
			<type movement="static" name="tree" />
			<position pos_x="2080" pos_y="2176" />
		</Entity>
		<Entity>
			<type movement="static" name="tree" />
			<position pos_x="2112" pos_y="2176" />
		</Entity>
		<Entity>
			<type movement="static" name="quarry" />
			<position pos_x="192" pos_y="2368" />
		</Entity>
		<Entity>
			<type movement="static" name="quarry" />
			<position pos_x="224" pos_y="2400" />
		</Entity>
		<Entity>
			<type movement="static" name="tree" />
			<position pos_x="2464" pos_y="2432" />
		</Entity>
		<Entity>
			<type movement="static" name="tree" />
			<position pos_x="2496" pos_y="2432" />
		</Entity>
		<Entity>
			<type movement="static" name="tree" />
			<position pos_x="2528" pos_y="2432" />
		</Entity>
		<Entity>
			<type movement="static" name="tree" />
			<position pos_x="2560" pos_y="2432" />
		</Entity>
		<Entity>
			<type movement="static" name="tree" />
			<position pos_x="2336" pos_y="2464" />
		</Entity>
		<Entity>
			<type movement="static" name="tree" />
			<position pos_x="2368" pos_y="2464" />
		</Entity>
		<Entity>
			<type movement="static" name="tree" />
			<position pos_x="2400" pos_y="2464" />
		</Entity>
		<Entity>
			<type movement="static" name="tree" />
			<position pos_x="2432" pos_y="2464" />
		</Entity>
		<Entity>
			<type movement="static" name="tree" />
			<position pos_x="2464" pos_y="2464" />
		</Entity>
		<Entity>
			<type movement="static" name="tree" />
			<position pos_x="2560" pos_y="2464" />
		</Entity>
		<Entity>
			<type movement="static" name="tree" />
			<position pos_x="2592" pos_y="2464" />
		</Entity>
		<Entity>
			<type movement="static" name="tree" />
			<position pos_x="2624" pos_y="2464" />
		</Entity>
		<Entity>
			<type movement="static" name="tree" />
			<position pos_x="2336" pos_y="2496" />
		</Entity>
		<Entity>
			<type movement="static" name="tree" />
			<position pos_x="2624" pos_y="2496" />
		</Entity>
		<Entity>
			<type movement="static" name="tree" />
			<position pos_x="2656" pos_y="2496" />
		</Entity>
		<Entity>
			<type movement="static" name="tree" />
			<position pos_x="3232" pos_y="2496" />
		</Entity>
		<Entity>
			<type movement="static" name="tree" />
			<position pos_x="3264" pos_y="2496" />
		</Entity>
		<Entity>
			<type movement="static" name="tree" />
			<position pos_x="3296" pos_y="2496" />
		</Entity>
		<Entity>
			<type movement="static" name="tree" />
			<position pos_x="3328" pos_y="2496" />
		</Entity>
		<Entity>
			<type movement="static" name="tree" />
			<position pos_x="3360" pos_y="2496" />
		</Entity>
		<Entity>
			<type movement="static" name="tree" />
			<position pos_x="3392" pos_y="2496" />
		</Entity>
		<Entity>
			<type movement="static" name="tree" />
			<position pos_x="2272" pos_y="2528" />
		</Entity>
		<Entity>
			<type movement="static" name="tree" />
			<position pos_x="2304" pos_y="2528" />
		</Entity>
		<Entity>
			<type movement="static" name="tree" />
			<position pos_x="2336" pos_y="2528" />
		</Entity>
		<Entity>
			<type movement="static" name="tree" />
			<position pos_x="2656" pos_y="2528" />
		</Entity>
		<Entity>
			<type movement="static" name="tree" />
			<position pos_x="3072" pos_y="2528" />
		</Entity>
		<Entity>
			<type movement="static" name="tree" />
			<position pos_x="3104" pos_y="2528" />
		</Entity>
		<Entity>
			<type movement="static" name="tree" />
			<position pos_x="3136" pos_y="2528" />
		</Entity>
		<Entity>
			<type movement="static" name="tree" />
			<position pos_x="3168" pos_y="2528" />
		</Entity>
		<Entity>
			<type movement="static" name="tree" />
			<position pos_x="3200" pos_y="2528" />
		</Entity>
		<Entity>
			<type movement="static" name="tree" />
			<position pos_x="3232" pos_y="2528" />
		</Entity>
		<Entity>
			<type movement="static" name="tree" />
			<position pos_x="3392" pos_y="2528" />
		</Entity>
		<Entity>
			<type movement="static" name="tree" />
			<position pos_x="3424" pos_y="2528" />
		</Entity>
		<Entity>
			<type movement="static" name="tree" />
			<position pos_x="3456" pos_y="2528" />
		</Entity>
		<Entity>
			<type movement="static" name="tree" />
			<position pos_x="2272" pos_y="2560" />
		</Entity>
		<Entity>
			<type movement="static" name="tree" />
			<position pos_x="2624" pos_y="2560" />
		</Entity>
		<Entity>
			<type movement="static" name="tree" />
			<position pos_x="2656" pos_y="2560" />
		</Entity>
		<Entity>
			<type movement="static" name="tree" />
			<position pos_x="3072" pos_y="2560" />
		</Entity>
		<Entity>
			<type movement="static" name="tree" />
			<position pos_x="3456" pos_y="2560" />
		</Entity>
		<Entity>
			<type movement="static" name="tree" />
			<position pos_x="3488" pos_y="2560" />
		</Entity>
		<Entity>
			<type movement="static" name="tree" />
			<position pos_x="2272" pos_y="2592" />
		</Entity>
		<Entity>
			<type movement="static" name="tree" />
			<position pos_x="2624" pos_y="2592" />
		</Entity>
		<Entity>
			<type movement="static" name="tree" />
			<position pos_x="2816" pos_y="2592" />
		</Entity>
		<Entity>
			<type movement="static" name="tree" />
			<position pos_x="2848" pos_y="2592" />
		</Entity>
		<Entity>
			<type movement="static" name="tree" />
			<position pos_x="3008" pos_y="2592" />
		</Entity>
		<Entity>
			<type movement="static" name="tree" />
			<position pos_x="3040" pos_y="2592" />
		</Entity>
		<Entity>
			<type movement="static" name="tree" />
			<position pos_x="3072" pos_y="2592" />
		</Entity>
		<Entity>
			<type movement="static" name="tree" />
			<position pos_x="3488" pos_y="2592" />
		</Entity>
		<Entity>
			<type movement="static" name="tree" />
			<position pos_x="2272" pos_y="2624" />
		</Entity>
		<Entity>
			<type movement="static" name="tree" />
			<position pos_x="2304" pos_y="2624" />
		</Entity>
		<Entity>
			<type movement="static" name="tree" />
			<position pos_x="2592" pos_y="2624" />
		</Entity>
		<Entity>
			<type movement="static" name="tree" />
			<position pos_x="2624" pos_y="2624" />
		</Entity>
		<Entity>
			<type movement="static" name="tree" />
			<position pos_x="2816" pos_y="2624" />
		</Entity>
		<Entity>
			<type movement="static" name="tree" />
			<position pos_x="2848" pos_y="2624" />
		</Entity>
		<Entity>
			<type movement="static" name="tree" />
			<position pos_x="3008" pos_y="2624" />
		</Entity>
		<Entity>
			<type movement="static" name="tree" />
			<position pos_x="3456" pos_y="2624" />
		</Entity>
		<Entity>
			<type movement="static" name="tree" />
			<position pos_x="3488" pos_y="2624" />
		</Entity>
		<Entity>
			<type movement="static" name="tree" />
			<position pos_x="2304" pos_y="2656" />
		</Entity>
		<Entity>
			<type movement="static" name="tree" />
			<position pos_x="2336" pos_y="2656" />
		</Entity>
		<Entity>
			<type movement="static" name="tree" />
			<position pos_x="2368" pos_y="2656" />
		</Entity>
		<Entity>
			<type movement="static" name="tree" />
			<position pos_x="2432" pos_y="2656" />
		</Entity>
		<Entity>
			<type movement="static" name="tree" />
			<position pos_x="2464" pos_y="2656" />
		</Entity>
		<Entity>
			<type movement="static" name="tree" />
			<position pos_x="2496" pos_y="2656" />
		</Entity>
		<Entity>
			<type movement="static" name="tree" />
			<position pos_x="2528" pos_y="2656" />
		</Entity>
		<Entity>
			<type movement="static" name="tree" />
			<position pos_x="2560" pos_y="2656" />
		</Entity>
		<Entity>
			<type movement="static" name="tree" />
			<position pos_x="2592" pos_y="2656" />
		</Entity>
		<Entity>
			<type movement="static" name="tree" />
			<position pos_x="3008" pos_y="2656" />
		</Entity>
		<Entity>
			<type movement="static" name="tree" />
			<position pos_x="3456" pos_y="2656" />
		</Entity>
		<Entity>
			<type movement="static" name="tree" />
			<position pos_x="2368" pos_y="2688" />
		</Entity>
		<Entity>
			<type movement="static" name="tree" />
			<position pos_x="2400" pos_y="2688" />
		</Entity>
		<Entity>
			<type movement="static" name="tree" />
			<position pos_x="2432" pos_y="2688" />
		</Entity>
		<Entity>
			<type movement="static" name="tree" />
			<position pos_x="2496" pos_y="2688" />
		</Entity>
		<Entity>
			<type movement="static" name="tree" />
			<position pos_x="2528" pos_y="2688" />
		</Entity>
		<Entity>
			<type movement="static" name="tree" />
			<position pos_x="3008" pos_y="2688" />
		</Entity>
		<Entity>
			<type movement="static" name="tree" />
			<position pos_x="3040" pos_y="2688" />
		</Entity>
		<Entity>
			<type movement="static" name="tree" />
			<position pos_x="3424" pos_y="2688" />
		</Entity>
		<Entity>
			<type movement="static" name="tree" />
			<position pos_x="3456" pos_y="2688" />
		</Entity>
		<Entity>
			<type movement="static" name="tree" />
			<position pos_x="3040" pos_y="2720" />
		</Entity>
		<Entity>
			<type movement="static" name="tree" />
			<position pos_x="3072" pos_y="2720" />
		</Entity>
		<Entity>
			<type movement="static" name="tree" />
			<position pos_x="3104" pos_y="2720" />
		</Entity>
		<Entity>
			<type movement="static" name="tree" />
			<position pos_x="3168" pos_y="2720" />
		</Entity>
		<Entity>
			<type movement="static" name="tree" />
			<position pos_x="3200" pos_y="2720" />
		</Entity>
		<Entity>
			<type movement="static" name="tree" />
			<position pos_x="3232" pos_y="2720" />
		</Entity>
		<Entity>
			<type movement="static" name="tree" />
			<position pos_x="3264" pos_y="2720" />
		</Entity>
		<Entity>
			<type movement="static" name="tree" />
			<position pos_x="3360" pos_y="2720" />
		</Entity>
		<Entity>
			<type movement="static" name="tree" />
			<position pos_x="3392" pos_y="2720" />
		</Entity>
		<Entity>
			<type movement="static" name="tree" />
			<position pos_x="3424" pos_y="2720" />
		</Entity>
		<Entity>
			<type movement="static" name="tree" />
			<position pos_x="3104" pos_y="2752" />
		</Entity>
		<Entity>
			<type movement="static" name="tree" />
			<position pos_x="3136" pos_y="2752" />
		</Entity>
		<Entity>
			<type movement="static" name="tree" />
			<position pos_x="3168" pos_y="2752" />
		</Entity>
		<Entity>
			<type movement="static" name="tree" />
			<position pos_x="3264" pos_y="2752" />
		</Entity>
		<Entity>
			<type movement="static" name="tree" />
			<position pos_x="3296" pos_y="2752" />
		</Entity>
		<Entity>
			<type movement="static" name="tree" />
			<position pos_x="3328" pos_y="2752" />
		</Entity>
		<Entity>
			<type movement="static" name="tree" />
			<position pos_x="3360" pos_y="2752" />
		</Entity>
		<Entity>
			<type movement="static" name="tree" />
			<position pos_x="2592" pos_y="2816" />
		</Entity>
		<Entity>
			<type movement="static" name="tree" />
			<position pos_x="2624" pos_y="2816" />
		</Entity>
		<Entity>
			<type movement="static" name="tree" />
			<position pos_x="2656" pos_y="2816" />
		</Entity>
		<Entity>
			<type movement="static" name="tree" />
			<position pos_x="2688" pos_y="2816" />
		</Entity>
		<Entity>
			<type movement="static" name="tree" />
			<position pos_x="2720" pos_y="2816" />
		</Entity>
		<Entity>
			<type movement="static" name="tree" />
			<position pos_x="2592" pos_y="2848" />
		</Entity>
		<Entity>
			<type movement="static" name="tree" />
			<position pos_x="2720" pos_y="2848" />
		</Entity>
		<Entity>
			<type movement="static" name="quarry" />
			<position pos_x="3360" pos_y="2848" />
		</Entity>
		<Entity>
			<type movement="static" name="tree" />
			<position pos_x="2592" pos_y="2880" />
		</Entity>
		<Entity>
			<type movement="static" name="tree" />
			<position pos_x="2624" pos_y="2880" />
		</Entity>
		<Entity>
			<type movement="static" name="tree" />
			<position pos_x="2720" pos_y="2880" />
		</Entity>
		<Entity>
			<type movement="static" name="tree" />
			<position pos_x="2624" pos_y="2912" />
		</Entity>
		<Entity>
			<type movement="static" name="tree" />
			<position pos_x="2656" pos_y="2912" />
		</Entity>
		<Entity>
			<type movement="static" name="tree" />
			<position pos_x="2688" pos_y="2912" />
		</Entity>
		<Entity>
			<type movement="static" name="tree" />
			<position pos_x="2720" pos_y="2912" />
		</Entity>
		<Entity>
			<type movement="static" name="quarry" />
			<position pos_x="3392" pos_y="2912" />
		</Entity>
		<Entity>
			<type movement="static" name="tree" />
			<position pos_x="1536" pos_y="2944" />
		</Entity>
		<Entity>
			<type movement="static" name="tree" />
			<position pos_x="1568" pos_y="2944" />
		</Entity>
		<Entity>
			<type movement="static" name="tree" />
			<position pos_x="1600" pos_y="2944" />
		</Entity>
		<Entity>
			<type movement="static" name="tree" />
			<position pos_x="1632" pos_y="2944" />
		</Entity>
		<Entity>
			<type movement="static" name="tree" />
			<position pos_x="1408" pos_y="2976" />
		</Entity>
		<Entity>
			<type movement="static" name="tree" />
			<position pos_x="1440" pos_y="2976" />
		</Entity>
		<Entity>
			<type movement="static" name="tree" />
			<position pos_x="1472" pos_y="2976" />
		</Entity>
		<Entity>
			<type movement="static" name="tree" />
			<position pos_x="1504" pos_y="2976" />
		</Entity>
		<Entity>
			<type movement="static" name="tree" />
			<position pos_x="1536" pos_y="2976" />
		</Entity>
		<Entity>
			<type movement="static" name="tree" />
			<position pos_x="1632" pos_y="2976" />
		</Entity>
		<Entity>
			<type movement="static" name="tree" />
			<position pos_x="1664" pos_y="2976" />
		</Entity>
		<Entity>
			<type movement="static" name="tree" />
			<position pos_x="1696" pos_y="2976" />
		</Entity>
		<Entity>
			<type movement="static" name="tree" />
			<position pos_x="1408" pos_y="3008" />
		</Entity>
		<Entity>
			<type movement="static" name="tree" />
			<position pos_x="1696" pos_y="3008" />
		</Entity>
		<Entity>
			<type movement="static" name="tree" />
			<position pos_x="1728" pos_y="3008" />
		</Entity>
		<Entity>
			<type movement="static" name="tree" />
			<position pos_x="1344" pos_y="3040" />
		</Entity>
		<Entity>
			<type movement="static" name="tree" />
			<position pos_x="1376" pos_y="3040" />
		</Entity>
		<Entity>
			<type movement="static" name="tree" />
			<position pos_x="1408" pos_y="3040" />
		</Entity>
		<Entity>
			<type movement="static" name="tree" />
			<position pos_x="1728" pos_y="3040" />
		</Entity>
		<Entity>
			<type movement="static" name="tree" />
			<position pos_x="480" pos_y="3072" />
		</Entity>
		<Entity>
			<type movement="static" name="tree" />
			<position pos_x="512" pos_y="3072" />
		</Entity>
		<Entity>
			<type movement="static" name="tree" />
			<position pos_x="544" pos_y="3072" />
		</Entity>
		<Entity>
			<type movement="static" name="tree" />
			<position pos_x="576" pos_y="3072" />
		</Entity>
		<Entity>
			<type movement="static" name="tree" />
			<position pos_x="608" pos_y="3072" />
		</Entity>
		<Entity>
			<type movement="static" name="tree" />
			<position pos_x="1344" pos_y="3072" />
		</Entity>
		<Entity>
			<type movement="static" name="tree" />
			<position pos_x="1696" pos_y="3072" />
		</Entity>
		<Entity>
			<type movement="static" name="tree" />
			<position pos_x="1728" pos_y="3072" />
		</Entity>
		<Entity>
			<type movement="static" name="tree" />
			<position pos_x="480" pos_y="3104" />
		</Entity>
		<Entity>
			<type movement="static" name="tree" />
			<position pos_x="608" pos_y="3104" />
		</Entity>
		<Entity>
			<type movement="static" name="tree" />
			<position pos_x="1344" pos_y="3104" />
		</Entity>
		<Entity>
			<type movement="static" name="tree" />
			<position pos_x="1696" pos_y="3104" />
		</Entity>
		<Entity>
			<type movement="static" name="tree" />
			<position pos_x="480" pos_y="3136" />
		</Entity>
		<Entity>
			<type movement="static" name="tree" />
			<position pos_x="512" pos_y="3136" />
		</Entity>
		<Entity>
			<type movement="static" name="tree" />
			<position pos_x="608" pos_y="3136" />
		</Entity>
		<Entity>
			<type movement="static" name="tree" />
			<position pos_x="1344" pos_y="3136" />
		</Entity>
		<Entity>
			<type movement="static" name="tree" />
			<position pos_x="1376" pos_y="3136" />
		</Entity>
		<Entity>
			<type movement="static" name="tree" />
			<position pos_x="1664" pos_y="3136" />
		</Entity>
		<Entity>
			<type movement="static" name="tree" />
			<position pos_x="1696" pos_y="3136" />
		</Entity>
		<Entity>
			<type movement="static" name="tree" />
			<position pos_x="512" pos_y="3168" />
		</Entity>
		<Entity>
			<type movement="static" name="tree" />
			<position pos_x="544" pos_y="3168" />
		</Entity>
		<Entity>
			<type movement="static" name="tree" />
			<position pos_x="576" pos_y="3168" />
		</Entity>
		<Entity>
			<type movement="static" name="tree" />
			<position pos_x="608" pos_y="3168" />
		</Entity>
		<Entity>
			<type movement="static" name="tree" />
			<position pos_x="1376" pos_y="3168" />
		</Entity>
		<Entity>
			<type movement="static" name="tree" />
			<position pos_x="1408" pos_y="3168" />
		</Entity>
		<Entity>
			<type movement="static" name="tree" />
			<position pos_x="1440" pos_y="3168" />
		</Entity>
		<Entity>
			<type movement="static" name="tree" />
			<position pos_x="1504" pos_y="3168" />
		</Entity>
		<Entity>
			<type movement="static" name="tree" />
			<position pos_x="1536" pos_y="3168" />
		</Entity>
		<Entity>
			<type movement="static" name="tree" />
			<position pos_x="1568" pos_y="3168" />
		</Entity>
		<Entity>
			<type movement="static" name="tree" />
			<position pos_x="1600" pos_y="3168" />
		</Entity>
		<Entity>
			<type movement="static" name="tree" />
			<position pos_x="1632" pos_y="3168" />
		</Entity>
		<Entity>
			<type movement="static" name="tree" />
			<position pos_x="1664" pos_y="3168" />
		</Entity>
		<Entity>
			<type movement="static" name="tree" />
			<position pos_x="2016" pos_y="3168" />
		</Entity>
		<Entity>
			<type movement="static" name="tree" />
			<position pos_x="2048" pos_y="3168" />
		</Entity>
		<Entity>
			<type movement="static" name="tree" />
			<position pos_x="2080" pos_y="3168" />
		</Entity>
		<Entity>
			<type movement="static" name="tree" />
			<position pos_x="2112" pos_y="3168" />
		</Entity>
		<Entity>
			<type movement="static" name="tree" />
			<position pos_x="2144" pos_y="3168" />
		</Entity>
		<Entity>
			<type movement="static" name="tree" />
			<position pos_x="2176" pos_y="3168" />
		</Entity>
		<Entity>
			<type movement="static" name="tree" />
			<position pos_x="1440" pos_y="3200" />
		</Entity>
		<Entity>
			<type movement="static" name="tree" />
			<position pos_x="1472" pos_y="3200" />
		</Entity>
		<Entity>
			<type movement="static" name="tree" />
			<position pos_x="1504" pos_y="3200" />
		</Entity>
		<Entity>
			<type movement="static" name="tree" />
			<position pos_x="1568" pos_y="3200" />
		</Entity>
		<Entity>
			<type movement="static" name="tree" />
			<position pos_x="1600" pos_y="3200" />
		</Entity>
		<Entity>
			<type movement="static" name="tree" />
			<position pos_x="2016" pos_y="3200" />
		</Entity>
		<Entity>
			<type movement="static" name="tree" />
			<position pos_x="2176" pos_y="3200" />
		</Entity>
		<Entity>
			<type movement="static" name="tree" />
			<position pos_x="1984" pos_y="3232" />
		</Entity>
		<Entity>
			<type movement="static" name="tree" />
			<position pos_x="2016" pos_y="3232" />
		</Entity>
		<Entity>
			<type movement="static" name="tree" />
			<position pos_x="2176" pos_y="3232" />
		</Entity>
		<Entity>
			<type movement="static" name="tree" />
			<position pos_x="512" pos_y="3264" />
		</Entity>
		<Entity>
			<type movement="static" name="tree" />
			<position pos_x="544" pos_y="3264" />
		</Entity>
		<Entity>
			<type movement="static" name="tree" />
			<position pos_x="576" pos_y="3264" />
		</Entity>
		<Entity>
			<type movement="static" name="tree" />
			<position pos_x="608" pos_y="3264" />
		</Entity>
		<Entity>
			<type movement="static" name="tree" />
			<position pos_x="640" pos_y="3264" />
		</Entity>
		<Entity>
			<type movement="static" name="tree" />
			<position pos_x="672" pos_y="3264" />
		</Entity>
		<Entity>
			<type movement="static" name="tree" />
			<position pos_x="1952" pos_y="3264" />
		</Entity>
		<Entity>
			<type movement="static" name="tree" />
			<position pos_x="1984" pos_y="3264" />
		</Entity>
		<Entity>
			<type movement="static" name="tree" />
			<position pos_x="2176" pos_y="3264" />
		</Entity>
		<Entity>
			<type movement="static" name="tree" />
			<position pos_x="3136" pos_y="3264" />
		</Entity>
		<Entity>
			<type movement="static" name="tree" />
			<position pos_x="3168" pos_y="3264" />
		</Entity>
		<Entity>
			<type movement="static" name="tree" />
			<position pos_x="512" pos_y="3296" />
		</Entity>
		<Entity>
			<type movement="static" name="tree" />
			<position pos_x="672" pos_y="3296" />
		</Entity>
		<Entity>
			<type movement="static" name="tree" />
			<position pos_x="1952" pos_y="3296" />
		</Entity>
		<Entity>
			<type movement="static" name="tree" />
			<position pos_x="2144" pos_y="3296" />
		</Entity>
		<Entity>
			<type movement="static" name="tree" />
			<position pos_x="2176" pos_y="3296" />
		</Entity>
		<Entity>
			<type movement="static" name="tree" />
			<position pos_x="3136" pos_y="3296" />
		</Entity>
		<Entity>
			<type movement="static" name="tree" />
			<position pos_x="3168" pos_y="3296" />
		</Entity>
		<Entity>
			<type movement="static" name="tree" />
			<position pos_x="480" pos_y="3328" />
		</Entity>
		<Entity>
			<type movement="static" name="tree" />
			<position pos_x="512" pos_y="3328" />
		</Entity>
		<Entity>
			<type movement="static" name="tree" />
			<position pos_x="672" pos_y="3328" />
		</Entity>
		<Entity>
			<type movement="static" name="tree" />
			<position pos_x="1952" pos_y="3328" />
		</Entity>
		<Entity>
			<type movement="static" name="tree" />
			<position pos_x="1984" pos_y="3328" />
		</Entity>
		<Entity>
			<type movement="static" name="tree" />
			<position pos_x="2016" pos_y="3328" />
		</Entity>
		<Entity>
			<type movement="static" name="tree" />
			<position pos_x="2048" pos_y="3328" />
		</Entity>
		<Entity>
			<type movement="static" name="tree" />
			<position pos_x="2080" pos_y="3328" />
		</Entity>
		<Entity>
			<type movement="static" name="tree" />
			<position pos_x="2112" pos_y="3328" />
		</Entity>
		<Entity>
			<type movement="static" name="tree" />
			<position pos_x="2144" pos_y="3328" />
		</Entity>
		<Entity>
			<type movement="static" name="tree" />
			<position pos_x="3296" pos_y="3328" />
		</Entity>
		<Entity>
			<type movement="static" name="tree" />
			<position pos_x="3328" pos_y="3328" />
		</Entity>
		<Entity>
			<type movement="static" name="tree" />
			<position pos_x="3360" pos_y="3328" />
		</Entity>
		<Entity>
			<type movement="static" name="tree" />
			<position pos_x="3392" pos_y="3328" />
		</Entity>
		<Entity>
			<type movement="static" name="tree" />
			<position pos_x="3424" pos_y="3328" />
		</Entity>
		<Entity>
			<type movement="static" name="tree" />
			<position pos_x="448" pos_y="3360" />
		</Entity>
		<Entity>
			<type movement="static" name="tree" />
			<position pos_x="480" pos_y="3360" />
		</Entity>
		<Entity>
			<type movement="static" name="tree" />
			<position pos_x="672" pos_y="3360" />
		</Entity>
		<Entity>
			<type movement="static" name="tree" />
			<position pos_x="2112" pos_y="3360" />
		</Entity>
		<Entity>
			<type movement="static" name="tree" />
			<position pos_x="2144" pos_y="3360" />
		</Entity>
		<Entity>
			<type movement="static" name="tree" />
			<position pos_x="3296" pos_y="3360" />
		</Entity>
		<Entity>
			<type movement="static" name="tree" />
			<position pos_x="3424" pos_y="3360" />
		</Entity>
		<Entity>
			<type movement="static" name="tree" />
			<position pos_x="448" pos_y="3392" />
		</Entity>
		<Entity>
			<type movement="static" name="tree" />
			<position pos_x="640" pos_y="3392" />
		</Entity>
		<Entity>
			<type movement="static" name="tree" />
			<position pos_x="672" pos_y="3392" />
		</Entity>
		<Entity>
			<type movement="static" name="tree" />
			<position pos_x="2112" pos_y="3392" />
		</Entity>
		<Entity>
			<type movement="static" name="tree" />
			<position pos_x="2144" pos_y="3392" />
		</Entity>
		<Entity>
			<type movement="static" name="tree" />
			<position pos_x="3296" pos_y="3392" />
		</Entity>
		<Entity>
			<type movement="static" name="tree" />
			<position pos_x="3328" pos_y="3392" />
		</Entity>
		<Entity>
			<type movement="static" name="tree" />
			<position pos_x="3424" pos_y="3392" />
		</Entity>
		<Entity>
			<type movement="static" name="tree" />
			<position pos_x="448" pos_y="3424" />
		</Entity>
		<Entity>
			<type movement="static" name="tree" />
			<position pos_x="480" pos_y="3424" />
		</Entity>
		<Entity>
			<type movement="static" name="tree" />
			<position pos_x="512" pos_y="3424" />
		</Entity>
		<Entity>
			<type movement="static" name="tree" />
			<position pos_x="544" pos_y="3424" />
		</Entity>
		<Entity>
			<type movement="static" name="tree" />
			<position pos_x="576" pos_y="3424" />
		</Entity>
		<Entity>
			<type movement="static" name="tree" />
			<position pos_x="608" pos_y="3424" />
		</Entity>
		<Entity>
			<type movement="static" name="tree" />
			<position pos_x="640" pos_y="3424" />
		</Entity>
		<Entity>
			<type movement="static" name="tree" />
			<position pos_x="3328" pos_y="3424" />
		</Entity>
		<Entity>
			<type movement="static" name="tree" />
			<position pos_x="3360" pos_y="3424" />
		</Entity>
		<Entity>
			<type movement="static" name="tree" />
			<position pos_x="3392" pos_y="3424" />
		</Entity>
		<Entity>
			<type movement="static" name="tree" />
			<position pos_x="3424" pos_y="3424" />
		</Entity>
		<Entity>
			<type movement="static" name="tree" />
			<position pos_x="2496" pos_y="3584" />
		</Entity>
		<Entity>
			<type movement="static" name="tree" />
			<position pos_x="2528" pos_y="3584" />
		</Entity>
		<Entity>
			<type movement="static" name="tree" />
			<position pos_x="2560" pos_y="3584" />
		</Entity>
		<Entity>
			<type movement="static" name="tree" />
			<position pos_x="2592" pos_y="3584" />
		</Entity>
		<Entity>
			<type movement="static" name="tree" />
			<position pos_x="2368" pos_y="3616" />
		</Entity>
		<Entity>
			<type movement="static" name="tree" />
			<position pos_x="2400" pos_y="3616" />
		</Entity>
		<Entity>
			<type movement="static" name="tree" />
			<position pos_x="2432" pos_y="3616" />
		</Entity>
		<Entity>
			<type movement="static" name="tree" />
			<position pos_x="2464" pos_y="3616" />
		</Entity>
		<Entity>
			<type movement="static" name="tree" />
			<position pos_x="2496" pos_y="3616" />
		</Entity>
		<Entity>
			<type movement="static" name="tree" />
			<position pos_x="2592" pos_y="3616" />
		</Entity>
		<Entity>
			<type movement="static" name="tree" />
			<position pos_x="2624" pos_y="3616" />
		</Entity>
		<Entity>
			<type movement="static" name="tree" />
			<position pos_x="2656" pos_y="3616" />
		</Entity>
		<Entity>
			<type movement="static" name="tree" />
			<position pos_x="2368" pos_y="3648" />
		</Entity>
		<Entity>
			<type movement="static" name="tree" />
			<position pos_x="2656" pos_y="3648" />
		</Entity>
		<Entity>
			<type movement="static" name="tree" />
			<position pos_x="2688" pos_y="3648" />
		</Entity>
		<Entity>
			<type movement="static" name="tree" />
			<position pos_x="2304" pos_y="3680" />
		</Entity>
		<Entity>
			<type movement="static" name="tree" />
			<position pos_x="2336" pos_y="3680" />
		</Entity>
		<Entity>
			<type movement="static" name="tree" />
			<position pos_x="2368" pos_y="3680" />
		</Entity>
		<Entity>
			<type movement="static" name="tree" />
			<position pos_x="2688" pos_y="3680" />
		</Entity>
		<Entity>
			<type movement="static" name="tree" />
			<position pos_x="2304" pos_y="3712" />
		</Entity>
		<Entity>
			<type movement="static" name="tree" />
			<position pos_x="2656" pos_y="3712" />
		</Entity>
		<Entity>
			<type movement="static" name="tree" />
			<position pos_x="2688" pos_y="3712" />
		</Entity>
		<Entity>
			<type movement="static" name="tree" />
			<position pos_x="2304" pos_y="3744" />
		</Entity>
		<Entity>
			<type movement="static" name="tree" />
			<position pos_x="2656" pos_y="3744" />
		</Entity>
		<Entity>
			<type movement="static" name="quarry" />
			<position pos_x="3104" pos_y="3744" />
		</Entity>
		<Entity>
			<type movement="static" name="tree" />
			<position pos_x="2304" pos_y="3776" />
		</Entity>
		<Entity>
			<type movement="static" name="tree" />
			<position pos_x="2336" pos_y="3776" />
		</Entity>
		<Entity>
			<type movement="static" name="tree" />
			<position pos_x="2624" pos_y="3776" />
		</Entity>
		<Entity>
			<type movement="static" name="tree" />
			<position pos_x="2656" pos_y="3776" />
		</Entity>
		<Entity>
			<type movement="static" name="quarry" />
			<position pos_x="3168" pos_y="3776" />
		</Entity>
		<Entity>
			<type movement="static" name="tree" />
			<position pos_x="2336" pos_y="3808" />
		</Entity>
		<Entity>
			<type movement="static" name="tree" />
			<position pos_x="2368" pos_y="3808" />
		</Entity>
		<Entity>
			<type movement="static" name="tree" />
			<position pos_x="2400" pos_y="3808" />
		</Entity>
		<Entity>
			<type movement="static" name="tree" />
			<position pos_x="2464" pos_y="3808" />
		</Entity>
		<Entity>
			<type movement="static" name="tree" />
			<position pos_x="2496" pos_y="3808" />
		</Entity>
		<Entity>
			<type movement="static" name="tree" />
			<position pos_x="2528" pos_y="3808" />
		</Entity>
		<Entity>
			<type movement="static" name="tree" />
			<position pos_x="2560" pos_y="3808" />
		</Entity>
		<Entity>
			<type movement="static" name="tree" />
			<position pos_x="2592" pos_y="3808" />
		</Entity>
		<Entity>
			<type movement="static" name="tree" />
			<position pos_x="2624" pos_y="3808" />
		</Entity>
		<Entity>
			<type movement="static" name="quarry" />
			<position pos_x="3136" pos_y="3808" />
		</Entity>
		<Entity>
			<type movement="static" name="tree" />
			<position pos_x="2400" pos_y="3840" />
		</Entity>
		<Entity>
			<type movement="static" name="tree" />
			<position pos_x="2432" pos_y="3840" />
		</Entity>
		<Entity>
			<type movement="static" name="tree" />
			<position pos_x="2464" pos_y="3840" />
		</Entity>
		<Entity>
			<type movement="static" name="tree" />
			<position pos_x="2528" pos_y="3840" />
		</Entity>
		<Entity>
			<type movement="static" name="tree" />
			<position pos_x="2560" pos_y="3840" />
		</Entity>
		<Entity>
			<type movement="static" name="tree" />
			<position pos_x="2880" pos_y="3840" />
		</Entity>
		<Entity>
			<type movement="static" name="tree" />
			<position pos_x="2912" pos_y="3840" />
		</Entity>
		<Entity>
			<type movement="static" name="tree" />
			<position pos_x="2944" pos_y="3840" />
		</Entity>
		<Entity>
			<type movement="static" name="tree" />
			<position pos_x="2976" pos_y="3840" />
		</Entity>
		<Entity>
			<type movement="static" name="tree" />
			<position pos_x="3008" pos_y="3840" />
		</Entity>
		<Entity>
			<type movement="static" name="tree" />
			<position pos_x="3040" pos_y="3840" />
		</Entity>
		<Entity>
			<type movement="static" name="tree" />
			<position pos_x="2880" pos_y="3872" />
		</Entity>
		<Entity>
			<type movement="static" name="tree" />
			<position pos_x="3040" pos_y="3872" />
		</Entity>
		<Entity>
			<type movement="static" name="tree" />
			<position pos_x="2848" pos_y="3904" />
		</Entity>
		<Entity>
			<type movement="static" name="tree" />
			<position pos_x="2880" pos_y="3904" />
		</Entity>
		<Entity>
			<type movement="static" name="tree" />
			<position pos_x="3040" pos_y="3904" />
		</Entity>
		<Entity>
			<type movement="static" name="tree" />
			<position pos_x="2016" pos_y="3936" />
		</Entity>
		<Entity>
			<type movement="static" name="tree" />
			<position pos_x="2048" pos_y="3936" />
		</Entity>
		<Entity>
			<type movement="static" name="tree" />
			<position pos_x="2816" pos_y="3936" />
		</Entity>
		<Entity>
			<type movement="static" name="tree" />
			<position pos_x="2848" pos_y="3936" />
		</Entity>
		<Entity>
			<type movement="static" name="tree" />
			<position pos_x="3040" pos_y="3936" />
		</Entity>
		<Entity>
			<type movement="static" name="tree" />
			<position pos_x="2016" pos_y="3968" />
		</Entity>
		<Entity>
			<type movement="static" name="tree" />
			<position pos_x="2048" pos_y="3968" />
		</Entity>
		<Entity>
			<type movement="static" name="tree" />
			<position pos_x="2816" pos_y="3968" />
		</Entity>
		<Entity>
			<type movement="static" name="tree" />
			<position pos_x="3008" pos_y="3968" />
		</Entity>
		<Entity>
			<type movement="static" name="tree" />
			<position pos_x="3040" pos_y="3968" />
		</Entity>
		<Entity>
			<type movement="static" name="tree" />
			<position pos_x="2816" pos_y="4000" />
		</Entity>
		<Entity>
			<type movement="static" name="tree" />
			<position pos_x="2848" pos_y="4000" />
		</Entity>
		<Entity>
			<type movement="static" name="tree" />
			<position pos_x="2880" pos_y="4000" />
		</Entity>
		<Entity>
			<type movement="static" name="tree" />
			<position pos_x="2912" pos_y="4000" />
		</Entity>
		<Entity>
			<type movement="static" name="tree" />
			<position pos_x="2944" pos_y="4000" />
		</Entity>
		<Entity>
			<type movement="static" name="tree" />
			<position pos_x="2976" pos_y="4000" />
		</Entity>
		<Entity>
			<type movement="static" name="tree" />
			<position pos_x="3008" pos_y="4000" />
		</Entity>
	</entity_manager>
	<pathfinding />
	<wave wave="1" time="3.47399998">
		<spawn_1 Has_Building="true" />
		<spawn_2 Has_Building="true" />
		<spawn_3 Has_Building="true" />
	</wave>
	<FoWManager />
	<minimap />
	<gui />
	<mouse_cursor />
	<fadetoblack />
	<fonts />
	<cutscene />
	<video_player />
	<renderer>
		<camera posX="-2496" posY="-2768" />
	</renderer>
</game_state>
